{"cameraMode":{"drawMode":0,"name":"Shaded","section":"Shading Mode"},"sceneLighting":true,"audioPlay":false,"sceneViewState":{"m_AlwaysRefresh":false,"showFog":true,"showSkybox":true,"showFlares":true,"showImageEffects":true,"showParticleSystems":true,"showVisualEffectGraphs":true,"m_FxEnabled":true},"in2DMode":false,"pivot":{"x":-2.26584529876709,"y":42.915748596191409,"z":40.12899398803711},"rotation":{"x":0.050365984439849856,"y":-0.9447610974311829,"z":0.27370744943618777,"w":0.17368416488170625},"size":15.289228439331055,"orthographic":false}